{
	"INUQ": {
		"Vp": 7.154362416,
		"R": 1.913758389,
		"H": 29.19463087
	},
	"COWN": {
		"Vp": 6.248322148,
		"R": 1.809060403,
		"H": 30.87248322
	},
	"INK": {
		"Vp": 6.651006711,
		"R": 1.805033557,
		"H": 29.69798658
	},
	"YOSQ": {
		"Vp": 6.993288591,
		"R": 1.855369128,
		"H": 30.03355705
	},
	"WLVO": {
		"Vp": 6.429530201,
		"R": 1.841275168,
		"H": 32.04697987
	},
	"CDKN": {
		"Vp": 7.738255034,
		"R": 1.855369128,
		"H": 27.68456376
	},
	"MEDO": {
		"Vp": 6.348993289,
		"R": 1.853355705,
		"H": 34.06040268
	},
	"LINO": {
		"Vp": 6.590604027,
		"R": 1.833221477,
		"H": 33.55704698
	},
	"CHEG": {
		"Vp": 5.503355705,
		"R": 1.764765101,
		"H": 33.72483221
	},
	"NUNN": {
		"Vp": 6.89261745,
		"R": 1.82114094,
		"H": 30.03355705
	},
	"BULN": {
		"Vp": 6.55033557,
		"R": 1.805033557,
		"H": 29.69798658
	},
	"CLPO": {
		"Vp": 6.389261745,
		"R": 1.817114094,
		"H": 35.06711409
	},
	"ORIO": {
		"Vp": 6.348993289,
		"R": 1.809060403,
		"H": 35.5704698
	},
	"MRYN": {
		"Vp": 6.127516779,
		"R": 1.805033557,
		"H": 31.7114094
	},
	"KLBO": {
		"Vp": 5.785234899,
		"R": 1.831208054,
		"H": 39.76510067
	},
	"KAPO": {
		"Vp": 5.382550336,
		"R": 1.829194631,
		"H": 31.54362416
	},
	"ICQ": {
		"Vp": 6.44966443,
		"R": 1.839261745,
		"H": 37.75167785
	},
	"DVKN": {
		"Vp": 6.510067114,
		"R": 1.823154362,
		"H": 30.70469799
	},
	"MLON": {
		"Vp": 5.825503356,
		"R": 1.772818792,
		"H": 33.38926174
	},
	"KSVO": {
		"Vp": 8,
		"R": 1.941946309,
		"H": 30.53691275
	},
	"KAJQ": {
		"Vp": 7.053691275,
		"R": 1.847315436,
		"H": 29.19463087
	},
	"LGSN": {
		"Vp": 5.825503356,
		"R": 1.764765101,
		"H": 33.38926174
	},
	"ARVN": {
		"Vp": 6.369127517,
		"R": 1.839261745,
		"H": 31.20805369
	},
	"TYNO": {
		"Vp": 7.174496644,
		"R": 1.915771812,
		"H": 33.72483221
	},
	"MCMN": {
		"Vp": 6.89261745,
		"R": 1.833221477,
		"H": 31.04026846
	},
	"ACKN": {
		"Vp": 7.073825503,
		"R": 1.881543624,
		"H": 30.70469799
	},
	"MNT": {
		"Vp": 6.751677852,
		"R": 1.788926174,
		"H": 36.40939597
	},
	"MALO": {
		"Vp": 7.456375839,
		"R": 1.907718121,
		"H": 29.19463087
	},
	"FCC": {
		"Vp": 6.912751678,
		"R": 1.893624161,
		"H": 29.36241611
	},
	"ILON": {
		"Vp": 6.348993289,
		"R": 1.79295302,
		"H": 31.37583893
	},
	"HPLN": {
		"Vp": 7.597315436,
		"R": 1.879530201,
		"H": 25
	},
	"SRLN": {
		"Vp": 5.865771812,
		"R": 1.756711409,
		"H": 31.7114094
	},
	"ROMN": {
		"Vp": 6.187919463,
		"R": 1.764765101,
		"H": 33.38926174
	},
	"DSMN": {
		"Vp": 6.651006711,
		"R": 1.79295302,
		"H": 33.38926174
	},
	"PECO": {
		"Vp": 6.953020134,
		"R": 1.897651007,
		"H": 36.74496644
	},
	"GIFN": {
		"Vp": 6.228187919,
		"R": 1.82114094,
		"H": 32.38255034
	},
	"WHY": {
		"Vp": 6.711409396,
		"R": 1.865436242,
		"H": 28.18791946
	},
	"KGNO": {
		"Vp": 7.355704698,
		"R": 1.829194631,
		"H": 36.40939597
	},
	"FRB": {
		"Vp": 7.375838926,
		"R": 1.796979866,
		"H": 32.04697987
	},
	"CLWO": {
		"Vp": 5.785234899,
		"R": 1.809060403,
		"H": 37.91946309
	},
	"HAL": {
		"Vp": 6.429530201,
		"R": 1.774832215,
		"H": 29.69798658
	},
	"STLN": {
		"Vp": 7.255033557,
		"R": 1.873489933,
		"H": 28.69127517
	},
	"NODN": {
		"Vp": 6.55033557,
		"R": 1.823154362,
		"H": 31.7114094
	},
	"SILO": {
		"Vp": 6.590604027,
		"R": 1.823154362,
		"H": 31.20805369
	},
	"DAWY": {
		"Vp": 6.026845638,
		"R": 1.756711409,
		"H": 31.7114094
	},
	"DELO": {
		"Vp": 6.610738255,
		"R": 1.845302013,
		"H": 35.06711409
	},
	"SADO": {
		"Vp": 7.093959732,
		"R": 1.863422819,
		"H": 33.38926174
	},
	"MPPO": {
		"Vp": 7.33557047,
		"R": 1.768791946,
		"H": 30.70469799
	},
	"SNPN": {
		"Vp": 6.167785235,
		"R": 1.79295302,
		"H": 33.38926174
	},
	"LDGN": {
		"Vp": 6.228187919,
		"R": 1.805033557,
		"H": 31.7114094
	},
	"ULM": {
		"Vp": 6.651006711,
		"R": 1.784899329,
		"H": 30.03355705
	},
	"SEDN": {
		"Vp": 7.234899329,
		"R": 1.855369128,
		"H": 30.36912752
	},
	"BUKO": {
		"Vp": 6.912751678,
		"R": 1.897651007,
		"H": 31.37583893
	},
	"CMBN": {
		"Vp": 7.275167785,
		"R": 1.815100671,
		"H": 28.02013423
	},
	"ATKO": {
		"Vp": 6.751677852,
		"R": 1.889597315,
		"H": 32.71812081
	},
	"PKRO": {
		"Vp": 7.295302013,
		"R": 1.768791946,
		"H": 30.70469799
	},
	"QILN": {
		"Vp": 7.013422819,
		"R": 1.839261745,
		"H": 29.02684564
	},
	"ELFO": {
		"Vp": 7.295302013,
		"R": 1.95,
		"H": 33.55704698
	},
	"GALN": {
		"Vp": 6.530201342,
		"R": 1.801006711,
		"H": 36.74496644
	},
	"GBLN": {
		"Vp": 6.872483221,
		"R": 1.809060403,
		"H": 36.0738255
	},
	"A64": {
		"Vp": 6.248322148,
		"R": 1.809060403,
		"H": 36.24161074
	},
	"LMQ": {
		"Vp": 5.66442953,
		"R": 1.82114094,
		"H": 38.59060403
	},
	"DMCQ": {
		"Vp": 6.67114094,
		"R": 1.796979866,
		"H": 36.0738255
	},
	"WAGN": {
		"Vp": 6.973154362,
		"R": 1.79295302,
		"H": 29.36241611
	},
	"PLVO": {
		"Vp": 6.570469799,
		"R": 1.837248322,
		"H": 33.89261745
	},
	"SMPN": {
		"Vp": 6.55033557,
		"R": 1.805033557,
		"H": 31.7114094
	},
	"PEMO": {
		"Vp": 6.67114094,
		"R": 1.833221477,
		"H": 34.56375839
	},
	"CHGQ": {
		"Vp": 7.597315436,
		"R": 1.85738255,
		"H": 28.69127517
	},
	"WHFN": {
		"Vp": 7.979865772,
		"R": 1.905704698,
		"H": 46.1409396
	},
	"YKW4": {
		"Vp": 7.979865772,
		"R": 1.933892617,
		"H": 25.5033557
	},
	"JERN": {
		"Vp": 5.946308725,
		"R": 1.756711409,
		"H": 31.7114094
	},
	"ACTO": {
		"Vp": 6.812080537,
		"R": 1.883557047,
		"H": 33.05369128
	},
	"LAIN": {
		"Vp": 6.429530201,
		"R": 1.817114094,
		"H": 33.22147651
	},
	"AP3N": {
		"Vp": 7.255033557,
		"R": 1.903691275,
		"H": 27.85234899
	},
	"YBKN": {
		"Vp": 7.134228188,
		"R": 1.829194631,
		"H": 29.19463087
	},
	"EDZN": {
		"Vp": 7.013422819,
		"R": 1.835234899,
		"H": 32.2147651
	},
	"ILKN": {
		"Vp": 7.275167785,
		"R": 1.881543624,
		"H": 27.34899329
	},
	"IHLN": {
		"Vp": 6.872483221,
		"R": 1.847315436,
		"H": 32.2147651
	}
}
