{
	"INUQ": {
		"Vp": 7.154362416,
		"R": 1.702348993,
		"H": 46.81208054
	},
	"COWN": {
		"Vp": 6.32885906,
		"R": 1.726510067,
		"H": 38.59060403
	},
	"INK": {
		"Vp": 5.765100671,
		"R": 1.893624161,
		"H": 26.34228188
	},
	"YOSQ": {
		"Vp": 7.134228188,
		"R": 1.706375839,
		"H": 42.95302013
	},
	"WLVO": {
		"Vp": 6.268456376,
		"R": 1.740604027,
		"H": 39.59731544
	},
	"CDKN": {
		"Vp": 6.812080537,
		"R": 1.696308725,
		"H": 44.29530201
	},
	"MEDO": {
		"Vp": 6.167785235,
		"R": 1.770805369,
		"H": 40.26845638
	},
	"LINO": {
		"Vp": 6.429530201,
		"R": 1.758724832,
		"H": 38.9261745
	},
	"CHEG": {
		"Vp": 5.100671141,
		"R": 1.770805369,
		"H": 31.54362416
	},
	"NUNN": {
		"Vp": 6.89261745,
		"R": 1.712416107,
		"H": 39.09395973
	},
	"BULN": {
		"Vp": 6.208053691,
		"R": 1.718456376,
		"H": 35.40268456
	},
	"CLPO": {
		"Vp": 6.248322148,
		"R": 1.770805369,
		"H": 37.91946309
	},
	"ORIO": {
		"Vp": 6.409395973,
		"R": 1.774832215,
		"H": 38.59060403
	},
	"MRYN": {
		"Vp": 6.127516779,
		"R": 1.732550336,
		"H": 37.75167785
	},
	"KLBO": {
		"Vp": 8,
		"R": 1.720469799,
		"H": 25
	},
	"KAPO": {
		"Vp": 5.322147651,
		"R": 1.738590604,
		"H": 39.09395973
	},
	"ICQ": {
		"Vp": 6.32885906,
		"R": 1.805033557,
		"H": 39.76510067
	},
	"DVKN": {
		"Vp": 7.11409396,
		"R": 1.694295302,
		"H": 43.95973154
	},
	"MLON": {
		"Vp": 5.865771812,
		"R": 1.750671141,
		"H": 35.40268456
	},
	"KSVO": {
		"Vp": 7.959731544,
		"R": 1.720469799,
		"H": 48.82550336
	},
	"KAJQ": {
		"Vp": 6.932885906,
		"R": 1.706375839,
		"H": 40.43624161
	},
	"LGSN": {
		"Vp": 5.040268456,
		"R": 1.768791946,
		"H": 29.36241611
	},
	"ARVN": {
		"Vp": 6.369127517,
		"R": 1.72852349,
		"H": 40.60402685
	},
	"TYNO": {
		"Vp": 7.174496644,
		"R": 1.756711409,
		"H": 46.97986577
	},
	"MCMN": {
		"Vp": 6.510067114,
		"R": 1.740604027,
		"H": 37.41610738
	},
	"ACKN": {
		"Vp": 6.912751678,
		"R": 1.726510067,
		"H": 42.95302013
	},
	"MNT": {
		"Vp": 6.308724832,
		"R": 1.815100671,
		"H": 33.38926174
	},
	"MALO": {
		"Vp": 7.456375839,
		"R": 1.702348993,
		"H": 46.30872483
	},
	"FCC": {
		"Vp": 6.912751678,
		"R": 1.704362416,
		"H": 45.13422819
	},
	"ILON": {
		"Vp": 5.624161074,
		"R": 1.754697987,
		"H": 31.87919463
	},
	"HPLN": {
		"Vp": 7.275167785,
		"R": 1.654026846,
		"H": 45.97315436
	},
	"SRLN": {
		"Vp": 5.040268456,
		"R": 1.758724832,
		"H": 28.3557047
	},
	"ROMN": {
		"Vp": 5.805369128,
		"R": 1.758724832,
		"H": 32.04697987
	},
	"DSMN": {
		"Vp": 6.711409396,
		"R": 1.756711409,
		"H": 37.08053691
	},
	"PECO": {
		"Vp": 6.389261745,
		"R": 1.95,
		"H": 35.40268456
	},
	"GIFN": {
		"Vp": 6.046979866,
		"R": 1.746644295,
		"H": 37.75167785
	},
	"WHY": {
		"Vp": 6.711409396,
		"R": 1.690268456,
		"H": 42.7852349
	},
	"KGNO": {
		"Vp": 5.44295302,
		"R": 1.88557047,
		"H": 33.05369128
	},
	"FRB": {
		"Vp": 6.026845638,
		"R": 1.79295302,
		"H": 38.9261745
	},
	"CLWO": {
		"Vp": 5,
		"R": 1.823154362,
		"H": 32.55033557
	},
	"HAL": {
		"Vp": 6.44966443,
		"R": 1.706375839,
		"H": 35.40268456
	},
	"STLN": {
		"Vp": 7.295302013,
		"R": 1.694295302,
		"H": 43.79194631
	},
	"NODN": {
		"Vp": 6.046979866,
		"R": 1.754697987,
		"H": 35.5704698
	},
	"SILO": {
		"Vp": 6.55033557,
		"R": 1.72852349,
		"H": 38.9261745
	},
	"DAWY": {
		"Vp": 5.66442953,
		"R": 1.734563758,
		"H": 31.54362416
	},
	"DELO": {
		"Vp": 6.651006711,
		"R": 1.770805369,
		"H": 41.44295302
	},
	"SADO": {
		"Vp": 6.812080537,
		"R": 1.762751678,
		"H": 40.60402685
	},
	"MPPO": {
		"Vp": 6.208053691,
		"R": 1.748657718,
		"H": 38.75838926
	},
	"SNPN": {
		"Vp": 6.026845638,
		"R": 1.758724832,
		"H": 35.73825503
	},
	"LDGN": {
		"Vp": 5.785234899,
		"R": 1.74261745,
		"H": 34.73154362
	},
	"ULM": {
		"Vp": 6.208053691,
		"R": 1.72852349,
		"H": 33.22147651
	},
	"SEDN": {
		"Vp": 7.154362416,
		"R": 1.718456376,
		"H": 41.44295302
	},
	"BUKO": {
		"Vp": 6.912751678,
		"R": 1.72852349,
		"H": 45.46979866
	},
	"CMBN": {
		"Vp": 7.154362416,
		"R": 1.694295302,
		"H": 37.75167785
	},
	"ATKO": {
		"Vp": 6.67114094,
		"R": 1.744630872,
		"H": 44.29530201
	},
	"PKRO": {
		"Vp": 6.167785235,
		"R": 1.750671141,
		"H": 38.59060403
	},
	"QILN": {
		"Vp": 6.993288591,
		"R": 1.702348993,
		"H": 40.43624161
	},
	"ELFO": {
		"Vp": 7.295302013,
		"R": 1.754697987,
		"H": 49.83221477
	},
	"GALN": {
		"Vp": 6.288590604,
		"R": 1.798993289,
		"H": 35.90604027
	},
	"GBLN": {
		"Vp": 6.932885906,
		"R": 1.780872483,
		"H": 38.59060403
	},
	"A64": {
		"Vp": 5.201342282,
		"R": 1.817114094,
		"H": 31.04026846
	},
	"LMQ": {
		"Vp": 5,
		"R": 1.831208054,
		"H": 34.06040268
	},
	"DMCQ": {
		"Vp": 5.986577181,
		"R": 1.805033557,
		"H": 32.71812081
	},
	"WAGN": {
		"Vp": 6.932885906,
		"R": 1.704362416,
		"H": 36.57718121
	},
	"PLVO": {
		"Vp": 6.630872483,
		"R": 1.754697987,
		"H": 40.93959732
	},
	"SMPN": {
		"Vp": 6.228187919,
		"R": 1.746644295,
		"H": 35.5704698
	},
	"PEMO": {
		"Vp": 6.771812081,
		"R": 1.760738255,
		"H": 40.93959732
	},
	"CHGQ": {
		"Vp": 7.597315436,
		"R": 1.696308725,
		"H": 42.11409396
	},
	"WHFN": {
		"Vp": 7.617449664,
		"R": 1.947986577,
		"H": 42.7852349
	},
	"YKW4": {
		"Vp": 7.919463087,
		"R": 1.662080537,
		"H": 47.98657718
	},
	"JERN": {
		"Vp": 5.906040268,
		"R": 1.730536913,
		"H": 33.55704698
	},
	"ACTO": {
		"Vp": 6.691275168,
		"R": 1.750671141,
		"H": 43.45637584
	},
	"LAIN": {
		"Vp": 6.288590604,
		"R": 1.760738255,
		"H": 37.58389262
	},
	"AP3N": {
		"Vp": 7.255033557,
		"R": 1.686241611,
		"H": 45.97315436
	},
	"YBKN": {
		"Vp": 7.255033557,
		"R": 1.70033557,
		"H": 40.60402685
	},
	"EDZN": {
		"Vp": 7.053691275,
		"R": 1.736577181,
		"H": 40.60402685
	},
	"ILKN": {
		"Vp": 7.275167785,
		"R": 1.680201342,
		"H": 44.12751678
	},
	"IHLN": {
		"Vp": 6.872483221,
		"R": 1.738590604,
		"H": 41.27516779
	}
}
