{
  "A64": {
    "H": 38.94472362, 
    "R": 1.788693467
  }, 
  "ACKN": {
    "H": 39.07035176, 
    "R": 1.744974874
  }, 
  "ACTO": {
    "H": 41.08040201, 
    "R": 1.760050251
  }, 
  "AP3N": {
    "H": 39.44723618, 
    "R": 1.717839196
  }, 
  "ARVN": {
    "H": 40.70351759, 
    "R": 1.729899497
  }, 
  "ATKO": {
    "H": 41.95979899, 
    "R": 1.755527638
  }, 
  "BUKO": {
    "H": 41.33165829, 
    "R": 1.746482412
  }, 
  "BULN": {
    "H": 36.55778894, 
    "R": 1.711809045
  }, 
  "CDKN": {
    "H": 41.08040201, 
    "R": 1.707286432
  }, 
  "CHEG": {
    "H": 40.70351759, 
    "R": 1.731407035
  }, 
  "CHGQ": {
    "H": 33.66834171, 
    "R": 1.749497487
  }, 
  "CLPO": {
    "H": 38.81909548, 
    "R": 1.769095477
  }, 
  "CLWO": {
    "H": 42.46231156, 
    "R": 1.79321608
  }, 
  "CMBN": {
    "H": 33.04020101, 
    "R": 1.716331658
  }, 
  "COWN": {
    "H": 39.07035176, 
    "R": 1.722361809
  }, 
  "DAWY": {
    "H": 36.05527638, 
    "R": 1.719346734
  }, 
  "DELO": {
    "H": 39.44723618, 
    "R": 1.779648241
  }, 
  "DMCQ": {
    "H": 35.1758794, 
    "R": 1.794723618
  }, 
  "DSMN": {
    "H": 34.92462312, 
    "R": 1.769095477
  }, 
  "DVKN": {
    "H": 38.19095477, 
    "R": 1.731407035
  }, 
  "EDZN": {
    "H": 35.92964824, 
    "R": 1.763065327
  }, 
  "ELFO": {
    "H": 42.08542714, 
    "R": 1.796231156
  }, 
  "FCC": {
    "H": 41.08040201, 
    "R": 1.719346734
  }, 
  "FRB": {
    "H": 41.58291457, 
    "R": 1.782663317
  }, 
  "GALN": {
    "H": 36.55778894, 
    "R": 1.791708543
  }, 
  "GBLN": {
    "H": 34.92462312, 
    "R": 1.799246231
  }, 
  "GIFN": {
    "H": 40.20100503, 
    "R": 1.735929648
  }, 
  "HAL": {
    "H": 34.92462312, 
    "R": 1.70879397
  }, 
  "HPLN": {
    "H": 39.32160804, 
    "R": 1.678643216
  }, 
  "ICQ": {
    "H": 40.32663317, 
    "R": 1.799246231
  }, 
  "IHLN": {
    "H": 37.93969849, 
    "R": 1.751005025
  }, 
  "ILKN": {
    "H": 37.56281407, 
    "R": 1.716331658
  }, 
  "ILON": {
    "H": 36.93467337, 
    "R": 1.729899497
  }, 
  "INK": {
    "H": 35.8040201, 
    "R": 1.723869347
  }, 
  "INUQ": {
    "H": 40.95477387, 
    "R": 1.722361809
  }, 
  "JERN": {
    "H": 36.80904523, 
    "R": 1.711809045
  }, 
  "KAJQ": {
    "H": 36.55778894, 
    "R": 1.725376884
  }, 
  "KAPO": {
    "H": 47.73869347, 
    "R": 1.719346734
  }, 
  "KGNO": {
    "H": 39.69849246, 
    "R": 1.85201005
  }, 
  "KLBO": {
    "H": 44.97487437, 
    "R": 1.80678392
  }, 
  "KSVO": {
    "H": 37.31155779, 
    "R": 1.78718593
  }, 
  "LAIN": {
    "H": 38.31658291, 
    "R": 1.754020101
  }, 
  "LDGN": {
    "H": 38.69346734, 
    "R": 1.729899497
  }, 
  "LGSN": {
    "H": 38.19095477, 
    "R": 1.734422111
  }, 
  "LINO": {
    "H": 38.44221106, 
    "R": 1.764572864
  }, 
  "LMQ": {
    "H": 37.18592965, 
    "R": 1.95
  }, 
  "MALO": {
    "H": 38.44221106, 
    "R": 1.740452261
  }, 
  "MCMN": {
    "H": 36.55778894, 
    "R": 1.743467337
  }, 
  "MEDO": {
    "H": 42.08542714, 
    "R": 1.758542714
  }, 
  "MLON": {
    "H": 39.07035176, 
    "R": 1.732914573
  }, 
  "MNT": {
    "H": 33.79396985, 
    "R": 1.814321608
  }, 
  "MPPO": {
    "H": 40.07537688, 
    "R": 1.741959799
  }, 
  "MRYN": {
    "H": 39.69849246, 
    "R": 1.722361809
  }, 
  "NODN": {
    "H": 37.93969849, 
    "R": 1.741959799
  }, 
  "NUNN": {
    "H": 35.8040201, 
    "R": 1.725376884
  }, 
  "ORIO": {
    "H": 38.44221106, 
    "R": 1.776633166
  }, 
  "PECO": {
    "H": 35.42713568, 
    "R": 1.946984925
  }, 
  "PEMO": {
    "H": 38.06532663, 
    "R": 1.775125628
  }, 
  "PKRO": {
    "H": 40.07537688, 
    "R": 1.746482412
  }, 
  "PLVO": {
    "H": 39.07035176, 
    "R": 1.764572864
  }, 
  "QILN": {
    "H": 36.30653266, 
    "R": 1.722361809
  }, 
  "ROMN": {
    "H": 35.67839196, 
    "R": 1.741959799
  }, 
  "SADO": {
    "H": 37.56281407, 
    "R": 1.779648241
  }, 
  "SEDN": {
    "H": 36.05527638, 
    "R": 1.744974874
  }, 
  "SILO": {
    "H": 37.68844221, 
    "R": 1.735929648
  }, 
  "SMPN": {
    "H": 36.4321608, 
    "R": 1.744974874
  }, 
  "SNPN": {
    "H": 38.19095477, 
    "R": 1.74798995
  }, 
  "SRLN": {
    "H": 37.06030151, 
    "R": 1.720854271
  }, 
  "STLN": {
    "H": 37.31155779, 
    "R": 1.726884422
  }, 
  "TYNO": {
    "H": 40.82914573, 
    "R": 1.785678392
  }, 
  "ULM": {
    "H": 34.17085427, 
    "R": 1.726884422
  }, 
  "WAGN": {
    "H": 33.29145729, 
    "R": 1.714824121
  }, 
  "WHFN": {
    "H": 44.97487437, 
    "R": 1.76758794
  }, 
  "WHY": {
    "H": 40.32663317, 
    "R": 1.699748744
  }, 
  "WLVO": {
    "H": 40.45226131, 
    "R": 1.735929648
  }, 
  "YBKN": {
    "H": 34.67336683, 
    "R": 1.732914573
  }, 
  "YKW4": {
    "H": 36.55778894, 
    "R": 1.725376884
  }, 
  "YOSQ": {
    "H": 37.68844221, 
    "R": 1.72839196
  }
}