{
	"INUQ": {
		"R": 1.722361809,
		"H": 40.95477387
	},
	"COWN": {
		"R": 1.722361809,
		"H": 39.07035176
	},
	"INK": {
		"R": 1.723869347,
		"H": 35.8040201
	},
	"YOSQ": {
		"R": 1.72839196,
		"H": 37.68844221
	},
	"WLVO": {
		"R": 1.735929648,
		"H": 40.45226131
	},
	"CDKN": {
		"R": 1.707286432,
		"H": 41.08040201
	},
	"MEDO": {
		"R": 1.758542714,
		"H": 42.08542714
	},
	"LINO": {
		"R": 1.764572864,
		"H": 38.44221106
	},
	"CHEG": {
		"R": 1.731407035,
		"H": 40.70351759
	},
	"NUNN": {
		"R": 1.725376884,
		"H": 35.8040201
	},
	"BULN": {
		"R": 1.711809045,
		"H": 36.55778894
	},
	"CLPO": {
		"R": 1.769095477,
		"H": 38.81909548
	},
	"ORIO": {
		"R": 1.776633166,
		"H": 38.44221106
	},
	"MRYN": {
		"R": 1.722361809,
		"H": 39.69849246
	},
	"KLBO": {
		"R": 1.80678392,
		"H": 44.97487437
	},
	"KAPO": {
		"R": 1.719346734,
		"H": 47.73869347
	},
	"ICQ": {
		"R": 1.799246231,
		"H": 40.32663317
	},
	"DVKN": {
		"R": 1.731407035,
		"H": 38.19095477
	},
	"MLON": {
		"R": 1.732914573,
		"H": 39.07035176
	},
	"KSVO": {
		"R": 1.78718593,
		"H": 37.31155779
	},
	"KAJQ": {
		"R": 1.725376884,
		"H": 36.55778894
	},
	"LGSN": {
		"R": 1.734422111,
		"H": 38.19095477
	},
	"ARVN": {
		"R": 1.729899497,
		"H": 40.70351759
	},
	"TYNO": {
		"R": 1.785678392,
		"H": 40.82914573
	},
	"MCMN": {
		"R": 1.743467337,
		"H": 36.55778894
	},
	"ACKN": {
		"R": 1.744974874,
		"H": 39.07035176
	},
	"MNT": {
		"R": 1.814321608,
		"H": 33.79396985
	},
	"MALO": {
		"R": 1.740452261,
		"H": 38.44221106
	},
	"FCC": {
		"R": 1.719346734,
		"H": 41.08040201
	},
	"ILON": {
		"R": 1.729899497,
		"H": 36.93467337
	},
	"HPLN": {
		"R": 1.678643216,
		"H": 39.32160804
	},
	"SRLN": {
		"R": 1.720854271,
		"H": 37.06030151
	},
	"ROMN": {
		"R": 1.741959799,
		"H": 35.67839196
	},
	"DSMN": {
		"R": 1.769095477,
		"H": 34.92462312
	},
	"PECO": {
		"R": 1.946984925,
		"H": 35.42713568
	},
	"GIFN": {
		"R": 1.735929648,
		"H": 40.20100503
	},
	"WHY": {
		"R": 1.699748744,
		"H": 40.32663317
	},
	"KGNO": {
		"R": 1.85201005,
		"H": 39.69849246
	},
	"FRB": {
		"R": 1.782663317,
		"H": 41.58291457
	},
	"CLWO": {
		"R": 1.79321608,
		"H": 42.46231156
	},
	"HAL": {
		"R": 1.70879397,
		"H": 34.92462312
	},
	"STLN": {
		"R": 1.726884422,
		"H": 37.31155779
	},
	"NODN": {
		"R": 1.741959799,
		"H": 37.93969849
	},
	"SILO": {
		"R": 1.735929648,
		"H": 37.68844221
	},
	"DAWY": {
		"R": 1.719346734,
		"H": 36.05527638
	},
	"DELO": {
		"R": 1.779648241,
		"H": 39.44723618
	},
	"SADO": {
		"R": 1.779648241,
		"H": 37.56281407
	},
	"MPPO": {
		"R": 1.741959799,
		"H": 40.07537688
	},
	"SNPN": {
		"R": 1.74798995,
		"H": 38.19095477
	},
	"LDGN": {
		"R": 1.729899497,
		"H": 38.69346734
	},
	"ULM": {
		"R": 1.726884422,
		"H": 34.17085427
	},
	"SEDN": {
		"R": 1.744974874,
		"H": 36.05527638
	},
	"BUKO": {
		"R": 1.746482412,
		"H": 41.33165829
	},
	"CMBN": {
		"R": 1.716331658,
		"H": 33.04020101
	},
	"ATKO": {
		"R": 1.755527638,
		"H": 41.95979899
	},
	"PKRO": {
		"R": 1.746482412,
		"H": 40.07537688
	},
	"QILN": {
		"R": 1.722361809,
		"H": 36.30653266
	},
	"ELFO": {
		"R": 1.796231156,
		"H": 42.08542714
	},
	"GALN": {
		"R": 1.791708543,
		"H": 36.55778894
	},
	"GBLN": {
		"R": 1.799246231,
		"H": 34.92462312
	},
	"A64": {
		"R": 1.788693467,
		"H": 38.94472362
	},
	"LMQ": {
		"R": 1.95,
		"H": 37.18592965
	},
	"DMCQ": {
		"R": 1.794723618,
		"H": 35.1758794
	},
	"WAGN": {
		"R": 1.714824121,
		"H": 33.29145729
	},
	"PLVO": {
		"R": 1.764572864,
		"H": 39.07035176
	},
	"SMPN": {
		"R": 1.744974874,
		"H": 36.4321608
	},
	"PEMO": {
		"R": 1.775125628,
		"H": 38.06532663
	},
	"CHGQ": {
		"R": 1.749497487,
		"H": 33.66834171
	},
	"WHFN": {
		"R": 1.76758794,
		"H": 44.97487437
	},
	"YKW4": {
		"R": 1.725376884,
		"H": 36.55778894
	},
	"JERN": {
		"R": 1.711809045,
		"H": 36.80904523
	},
	"ACTO": {
		"R": 1.760050251,
		"H": 41.08040201
	},
	"LAIN": {
		"R": 1.754020101,
		"H": 38.31658291
	},
	"AP3N": {
		"R": 1.717839196,
		"H": 39.44723618
	},
	"YBKN": {
		"R": 1.732914573,
		"H": 34.67336683
	},
	"EDZN": {
		"R": 1.763065327,
		"H": 35.92964824
	},
	"ILKN": {
		"R": 1.716331658,
		"H": 37.56281407
	},
	"IHLN": {
		"R": 1.751005025,
		"H": 37.93969849
	}
}
