{
	"ATKO": {
		"R": 1.758542714,
		"H": 41.95979899,
		"stdR": 0.0282976868,
		"stdH": 1.251335718
	},
	"EPLO": {
		"R": 1.719346734,
		"H": 38.5678392,
		"stdR": 0.04796375644,
		"stdH": 2.07154682
	},
	"KAPO": {
		"R": 1.744974874,
		"H": 44.09547739,
		"stdR": 0.05657553341,
		"stdH": 3.707287835
	},
	"KILO": {
		"R": 1.74798995,
		"H": 38.06532663,
		"stdR": 0.09077900154,
		"stdH": 5.208675436
	},
	"LDIO": {
		"R": 1.95,
		"H": 35.1758794,
		"stdR": 0.07441386979,
		"stdH": 3.402405197
	},
	"MALO": {
		"R": 1.729899497,
		"H": 38.69346734,
		"stdR": 0.03566895695,
		"stdH": 1.77180167
	},
	"MUMO": {
		"R": 1.711809045,
		"H": 38.06532663,
		"stdR": 0.00955221708,
		"stdH": 0.1674716684
	},
	"PKLO": {
		"R": 1.744974874,
		"H": 37.93969849,
		"stdR": 0.02169990034,
		"stdH": 0.7879332001
	},
	"PNPO": {
		"R": 1.785678392,
		"H": 40.45226131,
		"stdR": 0.07909305204,
		"stdH": 5.616012094
	},
	"RLKO": {
		"R": 1.735929648,
		"H": 41.70854271,
		"stdR": 0.01035833594,
		"stdH": 0.4491627879
	},
	"RSPO": {
		"R": 1.83241206,
		"H": 33.79396985,
		"stdR": 0.05064444556,
		"stdH": 2.364506879
	},
	"SILO": {
		"R": 1.737437186,
		"H": 37.68844221,
		"stdR": 0.002506888866,
		"stdH": 0.07664358609
	},
	"SUNO": {
		"R": 1.758542714,
		"H": 34.17085427,
		"stdR": 0.01381803522,
		"stdH": 0.4801483286
	},
	"VIMO": {
		"R": 1.912311558,
		"H": 34.04522613,
		"stdR": 0.1020175046,
		"stdH": 6.372960531
	},
	"WEMQ": {
		"R": 1.734422111,
		"H": 38.5678392,
		"stdR": 0.06938293561,
		"stdH": 5.146871807
	}
}
