{
	"ACTO": {
		"R": 1.77361809,
		"H": 40.82914573,
		"stdR": 0.03042500084,
		"stdH": 0.03042500084
	},
	"ALFO": {
		"R": 1.749497487,
		"H": 39.44723618,
		"stdR": 0.03496384629,
		"stdH": 0.03496384629
	},
	"ALGO": {
		"R": 1.824874372,
		"H": 42.96482412,
		"stdR": 0.03383846375,
		"stdH": 0.03383846375
	},
	"BANO": {
		"R": 1.769095477,
		"H": 39.44723618,
		"stdR": 0.004467400925,
		"stdH": 0.004467400925
	},
	"BRCO": {
		"R": 1.913819095,
		"H": 36.68341709,
		"stdR": 0.1071605766,
		"stdH": 0.1071605766
	},
	"BUKO": {
		"R": 1.776633166,
		"H": 40.32663317,
		"stdR": 0.01850223872,
		"stdH": 0.01850223872
	},
	"CBRQ": {
		"R": 1.719346734,
		"H": 36.4321608,
		"stdR": 0.02736857773,
		"stdH": 0.02736857773
	},
	"CLPO": {
		"R": 1.763065327,
		"H": 39.07035176,
		"stdR": 0.06117932013,
		"stdH": 0.06117932013
	},
	"CLWO": {
		"R": 1.693718593,
		"H": 50,
		"stdR": 0.08129777741,
		"stdH": 0.08129777741
	},
	"DELO": {
		"R": 1.779648241,
		"H": 39.57286432,
		"stdR": 0.005169222115,
		"stdH": 0.005169222115
	},
	"ELGO": {
		"R": 1.719346734,
		"H": 44.84924623,
		"stdR": 0.05085376823,
		"stdH": 0.05085376823
	},
	"HGVO": {
		"R": 1.794723618,
		"H": 41.20603015,
		"stdR": 0.03587899125,
		"stdH": 0.03587899125
	},
	"KGNO": {
		"R": 1.76758794,
		"H": 41.83417085,
		"stdR": 0.04572085258,
		"stdH": 0.04572085258
	},
	"KLBO": {
		"R": 1.859547739,
		"H": 42.33668342,
		"stdR": 0.05569933223,
		"stdH": 0.05569933223
	},
	"KSVO": {
		"R": 1.802261307,
		"H": 36.68341709,
		"stdR": 0.03094700258,
		"stdH": 0.03094700258
	},
	"LINO": {
		"R": 1.760050251,
		"H": 38.69346734,
		"stdR": 0.05268554955,
		"stdH": 0.05268554955
	},
	"MEDO": {
		"R": 1.772110553,
		"H": 41.08040201,
		"stdR": 0.0152445066,
		"stdH": 0.0152445066
	},
	"MPPO": {
		"R": 1.732914573,
		"H": 40.20100503,
		"stdR": 0.02328342693,
		"stdH": 0.02328342693
	},
	"MRHQ": {
		"R": 1.79321608,
		"H": 37.06030151,
		"stdR": 0.02386091291,
		"stdH": 0.02386091291
	},
	"PECO": {
		"R": 1.830904523,
		"H": 40.95477387,
		"stdR": 0.06600758417,
		"stdH": 3.161716288
	},
	"PEMO": {
		"R": 1.779648241,
		"H": 38.19095477,
		"stdR": 0.02985612462,
		"stdH": 0.02985612462
	},
	"PKRO": {
		"R": 1.729899497,
		"H": 40.45226131,
		"stdR": 0.05461394321,
		"stdH": 0.05461394321
	},
	"PLIO": {
		"R": 1.844472362,
		"H": 45.60301508,
		"stdR": 0.02093210367,
		"stdH": 0.02093210367
	},
	"PLVO": {
		"R": 1.760050251,
		"H": 39.32160804,
		"stdR": 0.004187786336,
		"stdH": 0.004187786336
	},
	"PTCO": {
		"R": 1.760050251,
		"H": 43.84422111,
		"stdR": 0.006134263143,
		"stdH": 0.006134263143
	},
	"RSPO": {
		"R": 1.845979899,
		"H": 33.41708543,
		"stdR": 0.08391429255,
		"stdH": 3.989935924
	},
	"SADO": {
		"R": 1.779648241,
		"H": 37.81407035,
		"stdR": 0.006779847462,
		"stdH": 0.006779847462
	},
	"STCO": {
		"R": 1.763065327,
		"H": 42.08542714,
		"stdR": 0.05153061079,
		"stdH": 0.05153061079
	},
	"SUNO": {
		"R": 1.758542714,
		"H": 34.17085427,
		"stdR": 0.01241317847,
		"stdH": 0.01241317847
	},
	"TOBO": {
		"R": 1.790201005,
		"H": 38.19095477,
		"stdR": 0.03644060866,
		"stdH": 0.03644060866
	},
	"TYNO": {
		"R": 1.781155779,
		"H": 40.95477387,
		"stdR": 0.004461270052,
		"stdH": 0.004461270052
	},
	"WLVO": {
		"R": 1.735929648,
		"H": 40.70351759,
		"stdR": 0.009531477529,
		"stdH": 0.009531477529
	}
}
