{
  "A11": {
    "H": 44.5, 
    "Vp": 6.7921348314606735, 
    "mcodes": [
      "12681"
    ]
  }, 
  "A16": {
    "H": 34.899999999999999, 
    "Vp": 6.3735243553008605, 
    "mcodes": [
      "2232"
    ]
  }, 
  "A21": {
    "H": 31.932892386933702, 
    "Vp": 6.5981453273089734, 
    "mcodes": [
      "3314", 
      "3210"
    ]
  }, 
  "ACTO": {
    "H": 35.430000776514049, 
    "Vp": 6.2164803696181821, 
    "mcodes": [
      "2417", 
      "297", 
      "12797", 
      "120"
    ]
  }, 
  "AHCB": {
    "H": 33.0, 
    "Vp": 6.6378787878787886, 
    "mcodes": [
      "6487"
    ]
  }, 
  "AP3N": {
    "H": 33.86569697851769, 
    "Vp": 6.5639047214614763, 
    "mcodes": [
      "3314", 
      "3321", 
      "3210", 
      "3320"
    ]
  }, 
  "B2NU": {
    "H": 48.050965423747371, 
    "Vp": 6.6514745633685592, 
    "mcodes": [
      "4848", 
      "4849"
    ]
  }, 
  "BBB": {
    "H": 42.891221509662465, 
    "Vp": 5.7586808986242177, 
    "mcodes": [
      "3243", 
      "3144", 
      "4172", 
      "2168"
    ]
  }, 
  "BMBC": {
    "H": 38.522306975214747, 
    "Vp": 6.4815216898366472, 
    "mcodes": [
      "3183", 
      "7845", 
      "7841", 
      "3182", 
      "7844", 
      "7842", 
      "3181"
    ]
  }, 
  "BMSB": {
    "H": 39.0, 
    "Vp": 6.5826923076923087, 
    "mcodes": [
      "3320"
    ]
  }, 
  "BOXN": {
    "H": 35.430000776514049, 
    "Vp": 6.2164803696181821, 
    "mcodes": [
      "2417", 
      "297", 
      "12797", 
      "120"
    ]
  }, 
  "BUKO": {
    "H": 30.62447323472778, 
    "Vp": 6.3248097380910089, 
    "mcodes": [
      "3211", 
      "2566", 
      "2567", 
      "3315"
    ]
  }, 
  "CBRQ": {
    "H": 43.909196251951052, 
    "Vp": 6.5296160342318652, 
    "mcodes": [
      "13048", 
      "3188", 
      "7839"
    ]
  }, 
  "CDKN": {
    "H": 44.5, 
    "Vp": 6.7921348314606735, 
    "mcodes": [
      "12681"
    ]
  }, 
  "CHEG": {
    "H": 43.299999999999997, 
    "Vp": 6.612933025404157, 
    "mcodes": [
      "303"
    ]
  }, 
  "CLPO": {
    "H": 50.0, 
    "Vp": 0.0, 
    "mcodes": [
      "1580"
    ]
  }, 
  "CLRN": {
    "H": 44.5, 
    "Vp": 6.7921348314606735, 
    "mcodes": [
      "12681"
    ]
  }, 
  "DAWY": {
    "H": 44.729999999999997, 
    "Vp": 6.4209054325955739, 
    "mcodes": [
      "2407"
    ]
  }, 
  "DELO": {
    "H": 41.645889338171855, 
    "Vp": 6.6665422664272516, 
    "mcodes": [
      "3209", 
      "12486", 
      "7823", 
      "7824", 
      "3218"
    ]
  }, 
  "DHRN": {
    "H": 44.5, 
    "Vp": 6.7921348314606735, 
    "mcodes": [
      "12681"
    ]
  }, 
  "DLBC": {
    "H": 26.899999999999999, 
    "Vp": 6.3099999999999987, 
    "mcodes": [
      "2431", 
      "2432", 
      "2433"
    ]
  }, 
  "DMCQ": {
    "H": 30.0, 
    "Vp": 6.1900000000000004, 
    "mcodes": [
      "314"
    ]
  }, 
  "DORN": {
    "H": 29.199999999999999, 
    "Vp": 6.3350000000000017, 
    "mcodes": [
      "2430"
    ]
  }, 
  "DRCO": {
    "H": 35.0, 
    "Vp": 6.3800000000000008, 
    "mcodes": [
      "12486"
    ]
  }, 
  "DRLN": {
    "H": 41.200000000000003, 
    "Vp": 6.3796116504854368, 
    "mcodes": [
      "7319"
    ]
  }, 
  "DVKN": {
    "H": 45.0, 
    "Vp": 6.2766666666666664, 
    "mcodes": [
      "3323"
    ]
  }, 
  "EA06": {
    "H": 37.984907810398809, 
    "Vp": 6.5847455027329591, 
    "mcodes": [
      "3162", 
      "3157", 
      "111"
    ]
  }, 
  "ENGB": {
    "H": 31.354487305679839, 
    "Vp": 6.4228906096264131, 
    "mcodes": [
      "2566", 
      "2567", 
      "3315"
    ]
  }, 
  "EPLO": {
    "H": 43.5, 
    "Vp": 6.4563218390804593, 
    "mcodes": [
      "6965"
    ]
  }, 
  "EUNU": {
    "H": 39.88968383484471, 
    "Vp": 6.6414427556166116, 
    "mcodes": [
      "12809", 
      "12678"
    ]
  }, 
  "FALL": {
    "H": 30.0, 
    "Vp": 6.1900000000000004, 
    "mcodes": [
      "314"
    ]
  }, 
  "FCBC": {
    "H": 35.600000000000001, 
    "Vp": 6.3258426966292136, 
    "mcodes": [
      "102"
    ]
  }, 
  "FCC": {
    "H": 38.789999162814475, 
    "Vp": 6.4961108165458317, 
    "mcodes": [
      "12954", 
      "4310"
    ]
  }, 
  "FNBC": {
    "H": 35.329999999999998, 
    "Vp": 6.6737616756297768, 
    "mcodes": [
      "3789"
    ]
  }, 
  "FPLB": {
    "H": 39.130733412340092, 
    "Vp": 6.738447829398833, 
    "mcodes": [
      "3319", 
      "3310"
    ]
  }, 
  "FSMA": {
    "H": 44.5, 
    "Vp": 6.7921348314606735, 
    "mcodes": [
      "12681"
    ]
  }, 
  "GALN": {
    "H": 30.0, 
    "Vp": 6.1900000000000004, 
    "mcodes": [
      "314"
    ]
  }, 
  "GBLN": {
    "H": 44.5, 
    "Vp": 6.7921348314606735, 
    "mcodes": [
      "12681"
    ]
  }, 
  "GBN": {
    "H": 44.5, 
    "Vp": 6.7921348314606735, 
    "mcodes": [
      "12681"
    ]
  }, 
  "GLBC": {
    "H": 44.5, 
    "Vp": 6.7921348314606735, 
    "mcodes": [
      "12681"
    ]
  }, 
  "GLWN": {
    "H": 38.32775268308734, 
    "Vp": 6.3742617991812889, 
    "mcodes": [
      "3214", 
      "6960"
    ]
  }, 
  "GOWB": {
    "H": 45.799999999999997, 
    "Vp": 0.0, 
    "mcodes": [
      "12509"
    ]
  }, 
  "HILA": {
    "H": 35.5, 
    "Vp": 6.7154929577464788, 
    "mcodes": [
      "3319"
    ]
  }, 
  "HLSB": {
    "H": 35.430000776514049, 
    "Vp": 6.2164803696181821, 
    "mcodes": [
      "2417", 
      "297", 
      "12797", 
      "120"
    ]
  }, 
  "HNB": {
    "H": 38.0, 
    "Vp": 6.5700000000000003, 
    "mcodes": [
      "12950"
    ]
  }, 
  "HOLB": {
    "H": 36.472006147413062, 
    "Vp": 6.3420499257455711, 
    "mcodes": [
      "3172", 
      "3177", 
      "12795"
    ]
  }, 
  "HOPB": {
    "H": 45.574791441224669, 
    "Vp": 6.7438425566429157, 
    "mcodes": [
      "7827", 
      "7826"
    ]
  }, 
  "HOWN": {
    "H": 40.110098566870917, 
    "Vp": 6.6888859918807722, 
    "mcodes": [
      "12809", 
      "12678"
    ]
  }, 
  "HPLN": {
    "H": 38.5, 
    "Vp": 6.1969090909090907, 
    "mcodes": [
      "3449"
    ]
  }, 
  "HSMO": {
    "H": 34.217477023185054, 
    "Vp": 6.4727173959614657, 
    "mcodes": [
      "1644", 
      "12681"
    ]
  }, 
  "HYT": {
    "H": 44.5, 
    "Vp": 6.7921348314606735, 
    "mcodes": [
      "12681"
    ]
  }, 
  "I10H1": {
    "H": 32.711232176237431, 
    "Vp": 6.309458561615803, 
    "mcodes": [
      "3171", 
      "110"
    ]
  }, 
  "IGLN": {
    "H": 35.0, 
    "Vp": 6.3800000000000008, 
    "mcodes": [
      "8387"
    ]
  }, 
  "IHLN": {
    "H": 39.828072000952822, 
    "Vp": 6.48622564644982, 
    "mcodes": [
      "3183", 
      "7845", 
      "7841", 
      "3182", 
      "7844"
    ]
  }, 
  "ILON": {
    "H": 40.181143916242739, 
    "Vp": 6.7041781697889018, 
    "mcodes": [
      "12809", 
      "12678"
    ]
  }, 
  "KAJQ": {
    "H": 39.463406466432602, 
    "Vp": 6.6376389104004714, 
    "mcodes": [
      "12809", 
      "12678", 
      "12951", 
      "3784"
    ]
  }, 
  "KANO": {
    "H": 37.159999999999997, 
    "Vp": 6.6833692142088275, 
    "mcodes": [
      "3788"
    ]
  }, 
  "KAPO": {
    "H": 38.0, 
    "Vp": 6.5700000000000003, 
    "mcodes": [
      "12950"
    ]
  }, 
  "KELB": {
    "H": 45.0, 
    "Vp": 6.775555555555556, 
    "mcodes": [
      "3310"
    ]
  }, 
  "KJKQ": {
    "H": 42.0, 
    "Vp": 6.5700000000000003, 
    "mcodes": [
      "12955"
    ]
  }, 
  "KLBO": {
    "H": 44.5, 
    "Vp": 6.7921348314606735, 
    "mcodes": [
      "12681"
    ]
  }, 
  "KLNB": {
    "H": 44.5, 
    "Vp": 6.7921348314606735, 
    "mcodes": [
      "12681"
    ]
  }, 
  "KNDN": {
    "H": 41.200000000000003, 
    "Vp": 6.585825242718446, 
    "mcodes": [
      "3187"
    ]
  }, 
  "LATQ": {
    "H": 44.5, 
    "Vp": 6.7921348314606735, 
    "mcodes": [
      "12681"
    ]
  }, 
  "LDGN": {
    "H": 31.142373943414572, 
    "Vp": 6.2928635641670745, 
    "mcodes": [
      "3211", 
      "2566", 
      "2567"
    ]
  }, 
  "LDIO": {
    "H": 35.399999999999999, 
    "Vp": 6.3683050847457618, 
    "mcodes": [
      "7829"
    ]
  },