{
	"AP3N": {
		"R": 1.713316583,
		"H": 39.8241206,
		"stdR": 0.02306567267,
		"stdH": 1.000510487
	},
	"ARVN": {
		"R": 1.735929648,
		"H": 40.70351759,
		"stdR": 0.005072928511,
		"stdH": 0.09377677909
	},
	"B1NU": {
		"R": 1.702763819,
		"H": 42.21105528,
		"stdR": 0.005213273457,
		"stdH": 0.3043098134
	},
	"B2NU": {
		"R": 1.70879397,
		"H": 42.08542714,
		"stdR": 0.02050677077,
		"stdH": 0.6421276023
	},
	"BULN": {
		"R": 1.714824121,
		"H": 36.68341709,
		"stdR": 0.003516763984,
		"stdH": 0.1264174376
	},
	"CRLN": {
		"R": 1.744974874,
		"H": 34.54773869,
		"stdR": 0.01049264419,
		"stdH": 0.3521271247
	},
	"CTSN": {
		"R": 1.770603015,
		"H": 35.30150754,
		"stdR": 0.008225770963,
		"stdH": 0.2249647025
	},
	"DORN": {
		"R": 1.751005025,
		"H": 35.8040201,
		"stdR": 0.00671369725,
		"stdH": 0.1889698576
	},
	"FCC": {
		"R": 1.719346734,
		"H": 41.33165829,
		"stdR": 0.03591683498,
		"stdH": 1.634371277
	},
	"FRB": {
		"R": 1.761557789,
		"H": 41.95979899,
		"stdR": 0.009458285729,
		"stdH": 0.207723423
	},
	"GIFN": {
		"R": 1.741959799,
		"H": 40.20100503,
		"stdR": 0.003089915268,
		"stdH": 0.1042467545
	},
	"ILON": {
		"R": 1.734422111,
		"H": 36.93467337,
		"stdR": 0.003247836586,
		"stdH": 0.08658474913
	},
	"INUQ": {
		"R": 1.722361809,
		"H": 41.08040201,
		"stdR": 0.01279176934,
		"stdH": 0.2846442159
	},
	"IVKQ": {
		"R": 1.755527638,
		"H": 35.05025126,
		"stdR": 0.02635743263,
		"stdH": 1.08971199
	},
	"JOSN": {
		"R": 1.91080402,
		"H": 25.37688442,
		"stdR": 0.07148872013,
		"stdH": 6.331504976
	},
	"KIMN": {
		"R": 1.725376884,
		"H": 45.85427136,
		"stdR": 0.01216328064,
		"stdH": 0.7082557382
	},
	"KUGN": {
		"R": 1.717839196,
		"H": 34.54773869,
		"stdR": 0.06037648574,
		"stdH": 2.311385497
	},
	"LAIN": {
		"R": 1.751005025,
		"H": 38.06532663,
		"stdR": 0.006911435416,
		"stdH": 0.2990476734
	},
	"MANN": {
		"R": 1.77361809,
		"H": 34.29648241,
		"stdR": 0.006899793018,
		"stdH": 0.1499297605
	},
	"MNGN": {
		"R": 1.755527638,
		"H": 40.32663317,
		"stdR": 0.01580250263,
		"stdH": 0.7295799087
	},
	"NOTN": {
		"R": 1.729899497,
		"H": 36.05527638,
		"stdR": 0.008253219839,
		"stdH": 0.268651826
	},
	"NUNN": {
		"R": 1.719346734,
		"H": 36.18090452,
		"stdR": 0.004460646031,
		"stdH": 0.1380082822
	},
	"PINU": {
		"R": 1.735929648,
		"H": 32.78894472,
		"stdR": 0.05202946277,
		"stdH": 3.239630295
	},
	"PNGN": {
		"R": 1.70879397,
		"H": 34.54773869,
		"stdR": 0.007856439315,
		"stdH": 0.1635364535
	},
	"QILN": {
		"R": 1.732914573,
		"H": 36.18090452,
		"stdR": 0.004495443094,
		"stdH": 0.150550376
	},
	"SBNU": {
		"R": 1.734422111,
		"H": 35.05025126,
		"stdR": 0.04632069431,
		"stdH": 0.6051295575
	},
	"SEDN": {
		"R": 1.741959799,
		"H": 36.30653266,
		"stdR": 0.06938335366,
		"stdH": 2.830604812
	},
	"SHMN": {
		"R": 1.732914573,
		"H": 36.4321608,
		"stdR": 0.0111968055,
		"stdH": 0.4445564675
	},
	"SHWN": {
		"R": 1.702763819,
		"H": 37.31155779,
		"stdR": 0.01257988841,
		"stdH": 0.4972901334
	},
	"SRLN": {
		"R": 1.723869347,
		"H": 37.06030151,
		"stdR": 0.005426410744,
		"stdH": 0.245810483
	},
	"STLN": {
		"R": 1.72839196,
		"H": 37.31155779,
		"stdR": 0.003991318776,
		"stdH": 0.1801501965
	},
	"WAGN": {
		"R": 1.716331658,
		"H": 33.41708543,
		"stdR": 0.009786899267,
		"stdH": 0.3267565625
	},
	"YBKN": {
		"R": 1.732914573,
		"H": 34.79899497,
		"stdR": 0.003811696776,
		"stdH": 0.09700598046
	}
}
