{
	"AP3N": {
		"R": 1.716331658,
		"H": 40.32663317,
		"stdR": 0.02616620843,
		"stdH": 1.266674086
	},
	"ARVN": {
		"R": 1.72839196,
		"H": 41.58291457,
		"stdR": 0.005434194779,
		"stdH": 0.09256397818
	},
	"B1NU": {
		"R": 1.705778894,
		"H": 42.96482412,
		"stdR": 0.004561425213,
		"stdH": 0.2223722451
	},
	"B2NU": {
		"R": 1.705778894,
		"H": 42.96482412,
		"stdR": 0.01724154847,
		"stdH": 0.5712888888
	},
	"BULN": {
		"R": 1.710301508,
		"H": 37.43718593,
		"stdR": 0.004134470351,
		"stdH": 0.2040541974
	},
	"CRLN": {
		"R": 1.754020101,
		"H": 35.05025126,
		"stdR": 0.01181894421,
		"stdH": 0.4832178166
	},
	"CTSN": {
		"R": 1.766080402,
		"H": 35.92964824,
		"stdR": 0.007070215581,
		"stdH": 0.1450604524
	},
	"DORN": {
		"R": 1.752512563,
		"H": 36.4321608,
		"stdR": 0.00711538154,
		"stdH": 0.2230336081
	},
	"FCC": {
		"R": 1.711809045,
		"H": 42.33668342,
		"stdR": 0.004209464418,
		"stdH": 0.1561283605
	},
	"FRB": {
		"R": 1.763065327,
		"H": 42.71356784,
		"stdR": 0.01411150983,
		"stdH": 0.3175470156
	},
	"GIFN": {
		"R": 1.737437186,
		"H": 41.08040201,
		"stdR": 0.002504144329,
		"stdH": 0.0896861668
	},
	"ILON": {
		"R": 1.734422111,
		"H": 37.56281407,
		"stdR": 0.002639241399,
		"stdH": 0.07168006684
	},
	"INUQ": {
		"R": 1.740452261,
		"H": 41.33165829,
		"stdR": 0.02408033496,
		"stdH": 0.5931234428
	},
	"IVKQ": {
		"R": 1.755527638,
		"H": 35.92964824,
		"stdR": 0.004909385096,
		"stdH": 0.141164062
	},
	"JOSN": {
		"R": 1.922864322,
		"H": 25.6281407,
		"stdR": 0.07467873615,
		"stdH": 3.318455375
	},
	"KIMN": {
		"R": 1.720854271,
		"H": 46.85929648,
		"stdR": 0.0165645984,
		"stdH": 0.8337805372
	},
	"KUGN": {
		"R": 1.714824121,
		"H": 35.30150754,
		"stdR": 0.03012237918,
		"stdH": 1.006318401
	},
	"LAIN": {
		"R": 1.751005025,
		"H": 38.81909548,
		"stdR": 0.005088053554,
		"stdH": 0.185556493
	},
	"MANN": {
		"R": 1.763065327,
		"H": 35.1758794,
		"stdR": 0.005909879362,
		"stdH": 0.1470496068
	},
	"MNGN": {
		"R": 1.760050251,
		"H": 41.08040201,
		"stdR": 0.01633894954,
		"stdH": 0.8675980986
	},
	"NOTN": {
		"R": 1.731407035,
		"H": 36.55778894,
		"stdR": 0.006274475981,
		"stdH": 0.2406473335
	},
	"NUNN": {
		"R": 1.717839196,
		"H": 36.80904523,
		"stdR": 0.004753917585,
		"stdH": 0.1427985818
	},
	"PINU": {
		"R": 1.723869347,
		"H": 33.66834171,
		"stdR": 0.02549441235,
		"stdH": 1.100525437
	},
	"PNGN": {
		"R": 1.711809045,
		"H": 35.1758794,
		"stdR": 0.009961173649,
		"stdH": 0.2780035762
	},
	"QILN": {
		"R": 1.72839196,
		"H": 36.93467337,
		"stdR": 0.004858666302,
		"stdH": 0.1669982374
	},
	"SBNU": {
		"R": 1.732914573,
		"H": 35.8040201,
		"stdR": 0.04098790821,
		"stdH": 0.5582491653
	},
	"SEDN": {
		"R": 1.740452261,
		"H": 37.06030151,
		"stdR": 0.0107494938,
		"stdH": 0.4437181564
	},
	"SHMN": {
		"R": 1.716331658,
		"H": 37.43718593,
		"stdR": 0.01034366254,
		"stdH": 0.3560041927
	},
	"SHWN": {
		"R": 1.702763819,
		"H": 37.81407035,
		"stdR": 0.009251000807,
		"stdH": 0.3406458982
	},
	"SRLN": {
		"R": 1.719346734,
		"H": 37.81407035,
		"stdR": 0.00602730453,
		"stdH": 0.2635174531
	},
	"STLN": {
		"R": 1.720854271,
		"H": 38.31658291,
		"stdR": 0.005198447212,
		"stdH": 0.2176273713
	},
	"WAGN": {
		"R": 1.714824121,
		"H": 34.04522613,
		"stdR": 0.009412891077,
		"stdH": 0.3596934622
	},
	"YBKN": {
		"R": 1.731407035,
		"H": 35.42713568,
		"stdR": 0.004055317716,
		"stdH": 0.1157469244
	},
	"SNQN": {
		"R": 1.755527638,
		"H": 49.49748744,
		"stdR": 0.0987833914,
		"stdH": 10.09891317
	},
	"YRTN": {
		"R": 1.732914573,
		"H": 37.56281407,
		"stdR": 0.01243151657,
		"stdH": 0.4784167184
	}
}
