{
	"AP3N": {
		"R": 1.716331658,
		"H": 40.07537688,
		"stdR": 0.02322771541,
		"stdH": 1.024264702
	},
	"ARVN": {
		"R": 1.731407035,
		"H": 41.58291457,
		"stdR": 0.005023839822,
		"stdH": 0.1027786319
	},
	"B1NU": {
		"R": 1.705778894,
		"H": 42.96482412,
		"stdR": 0.005285199989,
		"stdH": 0.3013173344
	},
	"B2NU": {
		"R": 1.705778894,
		"H": 42.96482412,
		"stdR": 0.01839452051,
		"stdH": 0.6379861954
	},
	"BULN": {
		"R": 1.713316583,
		"H": 37.43718593,
		"stdR": 0.01263145666,
		"stdH": 0.5060662257
	},
	"CRLN": {
		"R": 1.757035176,
		"H": 34.92462312,
		"stdR": 0.0137617517,
		"stdH": 0.619815567
	},
	"CTSN": {
		"R": 1.766080402,
		"H": 36.05527638,
		"stdR": 0.007945728682,
		"stdH": 0.2155842124
	},
	"DORN": {
		"R": 1.751005025,
		"H": 36.4321608,
		"stdR": 0.006522941862,
		"stdH": 0.1943584293
	},
	"FCC": {
		"R": 1.720854271,
		"H": 41.70854271,
		"stdR": 0.03553713596,
		"stdH": 1.85031278
	},
	"FRB": {
		"R": 1.758542714,
		"H": 42.83919598,
		"stdR": 0.01003339841,
		"stdH": 0.225955588
	},
	"GIFN": {
		"R": 1.737437186,
		"H": 41.08040201,
		"stdR": 0.003194054422,
		"stdH": 0.1183814783
	},
	"ILON": {
		"R": 1.729899497,
		"H": 37.68844221,
		"stdR": 0.002274795254,
		"stdH": 0.06988328408
	},
	"INUQ": {
		"R": 1.719346734,
		"H": 41.83417085,
		"stdR": 0.01254135818,
		"stdH": 0.2953212843
	},
	"IVKQ": {
		"R": 1.735929648,
		"H": 36.55778894,
		"stdR": 0.02837000229,
		"stdH": 1.292780437
	},
	"JOSN": {
		"R": 1.907788945,
		"H": 25.87939698,
		"stdR": 0.07706253164,
		"stdH": 6.192472381
	},
	"KIMN": {
		"R": 1.720854271,
		"H": 46.85929648,
		"stdR": 0.02059348146,
		"stdH": 1.144506567
	},
	"KUGN": {
		"R": 1.714824121,
		"H": 35.30150754,
		"stdR": 0.06163508957,
		"stdH": 2.423815599
	},
	"LAIN": {
		"R": 1.743467337,
		"H": 38.94472362,
		"stdR": 0.006795082794,
		"stdH": 0.2451552683
	},
	"MANN": {
		"R": 1.766080402,
		"H": 35.05025126,
		"stdR": 0.007657675978,
		"stdH": 0.1820436779
	},
	"MNGN": {
		"R": 1.760050251,
		"H": 41.08040201,
		"stdR": 0.01640104243,
		"stdH": 0.7468200246
	},
	"NOTN": {
		"R": 1.725376884,
		"H": 36.68341709,
		"stdR": 0.009129297266,
		"stdH": 0.3073315876
	},
	"NUNN": {
		"R": 1.720854271,
		"H": 36.80904523,
		"stdR": 0.005231815025,
		"stdH": 0.1533021849
	},
	"PINU": {
		"R": 1.729899497,
		"H": 33.54271357,
		"stdR": 0.04949511743,
		"stdH": 2.893434673
	},
	"PNGN": {
		"R": 1.714824121,
		"H": 34.92462312,
		"stdR": 0.02745822892,
		"stdH": 1.330712091
	},
	"QILN": {
		"R": 1.731407035,
		"H": 36.80904523,
		"stdR": 0.004880211281,
		"stdH": 0.1697523555
	},
	"SBNU": {
		"R": 1.732914573,
		"H": 35.8040201,
		"stdR": 0.04709969924,
		"stdH": 0.6191748268
	},
	"SEDN": {
		"R": 1.743467337,
		"H": 36.93467337,
		"stdR": 0.01581945659,
		"stdH": 0.6365647473
	},
	"SHMN": {
		"R": 1.734422111,
		"H": 36.93467337,
		"stdR": 0.0103683358,
		"stdH": 0.4268191503
	},
	"SHWN": {
		"R": 1.699748744,
		"H": 38.06532663,
		"stdR": 0.01167708804,
		"stdH": 0.4840566731
	},
	"SRLN": {
		"R": 1.726884422,
		"H": 37.43718593,
		"stdR": 0.009510532139,
		"stdH": 0.2040122875
	},
	"STLN": {
		"R": 1.719346734,
		"H": 38.31658291,
		"stdR": 0.003507793296,
		"stdH": 0.1262311593
	},
	"WAGN": {
		"R": 1.740452261,
		"H": 33.04020101,
		"stdR": 0.0211006695,
		"stdH": 0.6548013959
	},
	"YBKN": {
		"R": 1.725376884,
		"H": 35.55276382,
		"stdR": 0.00326083835,
		"stdH": 0.09243149083
	}
}
