{
	"Canada": {
		"kanamori": {
			"R": 1.751249271,
			"H": 37.04879066
		},
		"mooney": {
			"Vp": 6.333308436,
			"H": 36.64875624
		},
		"crust2": {
			"R": 1.772627117,
			"H": 38.14223987
		}
	},
	"ChurchillProvince": {
		"kanamori": {
			"R": 1.73278925,
			"H": 38.93341735
		},
		"mooney": {
			"Vp": 6.386424187,
			"H": 38.61445855
		},
		"crust2": {
			"R": 1.765726331,
			"H": 37.8240239
		}
	},
	"GrenvilleProvince": {
		"kanamori": {
			"R": 1.780580124,
			"H": 41.73961955
		},
		"mooney": {
			"Vp": 6.476571768,
			"H": 40.69188742
		},
		"crust2": {
			"R": 1.767874771,
			"H": 40.50072659
		}
	},
	"SlaveProvince": {
		"kanamori": {
			"R": 1.739011068,
			"H": 38.23518142
		},
		"mooney": {
			"Vp": 6.436475844,
			"H": 42.46479907
		},
		"crust2": {
			"R": 1.7625,
			"H": 37
		}
	},
	"SuperiorProvince": {
		"kanamori": {
			"R": 1.738348796,
			"H": 39.71362351
		},
		"mooney": {
			"Vp": 6.439460302,
			"H": 37.73353397
		},
		"crust2": {
			"R": 1.76567227,
			"H": 39.07596161
		}
	},
	"Shield": {
		"kanamori": {
			"R": 1.740914283,
			"H": 39.24661421
		},
		"mooney": {
			"Vp": 6.422288412,
			"H": 38.47081853
		},
		"crust2": {
			"R": 1.766779832,
			"H": 38.80283979
		}
	}
}
