{
	"Canada": {
		"kanamori": {
			"H": 36.26218603,
			"R": 1.752218071
		},
		"mooney": {
			"H": 36.64875624,
			"Vp": 6.333308436
		},
		"crust2": {
			"H": 38.14223987,
			"R": 1.772627117,
			"Vp": 6.386100801
		},
		"crust1": {
			"Vp": 6.413287064,
			"R": 1.744337616,
			"H": 38.14116998
		}
	},
	"ChurchillProvince": {
		"kanamori": {
			"H": 39.40966852,
			"R": 1.732774603
		},
		"mooney": {
			"H": 38.61445855,
			"Vp": 6.386424187
		},
		"crust2": {
			"H": 37.8240239,
			"R": 1.765726331,
			"Vp": 6.434782726
		},
		"crust1": {
			"Vp": 6.463848504,
			"R": 1.742886111,
			"H": 37.85685897
		}
	},
	"GrenvilleProvince": {
		"kanamori": {
			"H": 41.91992724,
			"R": 1.777746622
		},
		"mooney": {
			"H": 40.69188742,
			"Vp": 6.476571768
		},
		"crust2": {
			"H": 40.50072659,
			"R": 1.767874771,
			"Vp": 6.527551804
		},
		"crust1": {
			"Vp": 6.49458642,
			"R": 1.743953086,
			"H": 39.69753086
		}
	},
	"SlaveProvince": {
		"kanamori": {
			"H": 37.68172774,
			"R": 1.74192904
		},
		"mooney": {
			"H": 42.46479907,
			"Vp": 6.436475844
		},
		"crust2": {
			"H": 37,
			"R": 1.7625,
			"Vp": 6.4595
		},
		"crust1": {
			"Vp": 6.467325641,
			"R": 1.732753846,
			"H": 38.00794872
		}
	},
	"SuperiorProvince": {
		"kanamori": {
			"H": 39.67413692,
			"R": 1.737502357
		},
		"mooney": {
			"H": 37.73353397,
			"Vp": 6.439460302
		},
		"crust2": {
			"H": 39.07596161,
			"R": 1.76567227,
			"Vp": 6.492767989
		},
		"crust1": {
			"Vp": 6.488544048,
			"R": 1.73623373,
			"H": 38.87424603
		}
	},
	"Shield": {
		"kanamori": {
			"H": 39.36855358,
			"R": 1.74068461
		},
		"mooney": {
			"H": 38.47081853,
			"Vp": 6.422288412
		},
		"crust2": {
			"H": 38.80283979,
			"R": 1.766779832,
			"Vp": 6.458776562
		},
		"crust1": {
			"Vp": 6.474294295,
			"R": 1.740716362,
			"H": 38.33278794
		}
	},
	"Archean": {
		"kanamori": {
			"H": 38.0,
			"R": 1.744
		},
		"crust1": {
			"Vp": 6.473
		}
	},
	"Proterozoic": {
		"kanamori": {
			"H": 38.9,
			"R": 1.758
		},
		"crust1": {
			"Vp": 6.472
		}
	}
}
